{
  "_comment": "Tourism destinations with small permanent populations but major travel significance. Each entry needs a GeoNames ID for Wikidata sitelink lookup. These get merged into the GeoNames city data before scoring.",
  "overrides": [
    { "name": "Santorini", "asciiname": "santorini", "countryCode": "GR", "geonamesId": "251084", "population": 15550, "tourismBoost": true },
    { "name": "Mykonos", "asciiname": "mykonos", "countryCode": "GR", "geonamesId": "257056", "population": 10134, "tourismBoost": true },
    { "name": "Crete", "asciiname": "crete", "countryCode": "GR", "geonamesId": "6697802", "population": 623065, "tourismBoost": true },
    { "name": "Corfu", "asciiname": "corfu", "countryCode": "GR", "geonamesId": "2463678", "population": 39674, "tourismBoost": true },
    { "name": "Rhodes", "asciiname": "rhodes", "countryCode": "GR", "geonamesId": "400666", "population": 56128, "tourismBoost": true },
    { "name": "Bali", "asciiname": "bali", "countryCode": "ID", "geonamesId": "1650535", "population": 4225000, "tourismBoost": true },
    { "name": "Lombok", "asciiname": "lombok", "countryCode": "ID", "geonamesId": "1637510", "population": 3166685, "tourismBoost": true },
    { "name": "Phuket", "asciiname": "phuket", "countryCode": "TH", "geonamesId": "1151254", "population": 89072, "tourismBoost": true },
    { "name": "Koh Samui", "asciiname": "koh samui", "countryCode": "TH", "geonamesId": "1153672", "population": 63000, "tourismBoost": true },
    { "name": "Krabi", "asciiname": "krabi", "countryCode": "TH", "geonamesId": "1152633", "population": 32644, "tourismBoost": true },
    { "name": "Chiang Mai", "asciiname": "chiang mai", "countryCode": "TH", "geonamesId": "1153671", "population": 127000, "tourismBoost": true },
    { "name": "Maldives", "asciiname": "maldives", "countryCode": "MV", "geonamesId": "1282028", "population": 103693, "tourismBoost": true },
    { "name": "Tuscany", "asciiname": "tuscany", "countryCode": "IT", "geonamesId": "3165361", "population": 3729641, "tourismBoost": true },
    { "name": "Amalfi", "asciiname": "amalfi", "countryCode": "IT", "geonamesId": "3183387", "population": 5145, "tourismBoost": true },
    { "name": "Positano", "asciiname": "positano", "countryCode": "IT", "geonamesId": "3170073", "population": 3942, "tourismBoost": true },
    { "name": "Cinque Terre", "asciiname": "cinque terre", "countryCode": "IT", "geonamesId": "6542126", "population": 4000, "tourismBoost": true },
    { "name": "Lake Como", "asciiname": "lake como", "countryCode": "IT", "geonamesId": "3175088", "population": 83000, "tourismBoost": true },
    { "name": "Sicily", "asciiname": "sicily", "countryCode": "IT", "geonamesId": "2523119", "population": 5042992, "tourismBoost": true },
    { "name": "Sardinia", "asciiname": "sardinia", "countryCode": "IT", "geonamesId": "2523228", "population": 1648176, "tourismBoost": true },
    { "name": "Venice", "asciiname": "venice", "countryCode": "IT", "geonamesId": "3164603", "population": 261321, "tourismBoost": true },
    { "name": "Florence", "asciiname": "florence", "countryCode": "IT", "geonamesId": "3176959", "population": 367150, "tourismBoost": true },
    { "name": "Cancun", "asciiname": "cancun", "countryCode": "MX", "geonamesId": "3531673", "population": 628306, "tourismBoost": true },
    { "name": "Playa del Carmen", "asciiname": "playa del carmen", "countryCode": "MX", "geonamesId": "3520994", "population": 149923, "tourismBoost": true },
    { "name": "Tulum", "asciiname": "tulum", "countryCode": "MX", "geonamesId": "3515796", "population": 18233, "tourismBoost": true },
    { "name": "Dubrovnik", "asciiname": "dubrovnik", "countryCode": "HR", "geonamesId": "3201047", "population": 42615, "tourismBoost": true },
    { "name": "Split", "asciiname": "split", "countryCode": "HR", "geonamesId": "3190261", "population": 167121, "tourismBoost": true },
    { "name": "Bruges", "asciiname": "bruges", "countryCode": "BE", "geonamesId": "2800931", "population": 117073, "tourismBoost": true },
    { "name": "Hallstatt", "asciiname": "hallstatt", "countryCode": "AT", "geonamesId": "2776939", "population": 778, "tourismBoost": true },
    { "name": "Salzburg", "asciiname": "salzburg", "countryCode": "AT", "geonamesId": "2766824", "population": 150269, "tourismBoost": true },
    { "name": "Interlaken", "asciiname": "interlaken", "countryCode": "CH", "geonamesId": "2660253", "population": 5558, "tourismBoost": true },
    { "name": "Lucerne", "asciiname": "lucerne", "countryCode": "CH", "geonamesId": "2659811", "population": 57066, "tourismBoost": true },
    { "name": "Zanzibar", "asciiname": "zanzibar", "countryCode": "TZ", "geonamesId": "148738", "population": 223033, "tourismBoost": true },
    { "name": "Marrakech", "asciiname": "marrakech", "countryCode": "MA", "geonamesId": "2542997", "population": 928850, "tourismBoost": true },
    { "name": "Fes", "asciiname": "fes", "countryCode": "MA", "geonamesId": "2548885", "population": 964891, "tourismBoost": true },
    { "name": "Essaouira", "asciiname": "essaouira", "countryCode": "MA", "geonamesId": "2548884", "population": 77966, "tourismBoost": true },
    { "name": "Siem Reap", "asciiname": "siem reap", "countryCode": "KH", "geonamesId": "1821306", "population": 230714, "tourismBoost": true },
    { "name": "Luang Prabang", "asciiname": "luang prabang", "countryCode": "LA", "geonamesId": "1655559", "population": 47378, "tourismBoost": true },
    { "name": "Queenstown", "asciiname": "queenstown", "countryCode": "NZ", "geonamesId": "2183312", "population": 15800, "tourismBoost": true },
    { "name": "Fiji", "asciiname": "fiji", "countryCode": "FJ", "geonamesId": "2205218", "population": 884887, "tourismBoost": true },
    { "name": "Tahiti", "asciiname": "tahiti", "countryCode": "PF", "geonamesId": "4033936", "population": 178133, "tourismBoost": true },
    { "name": "Bora Bora", "asciiname": "bora bora", "countryCode": "PF", "geonamesId": "4034188", "population": 10605, "tourismBoost": true },
    { "name": "Mauritius", "asciiname": "mauritius", "countryCode": "MU", "geonamesId": "934292", "population": 1265303, "tourismBoost": true },
    { "name": "Seychelles", "asciiname": "seychelles", "countryCode": "SC", "geonamesId": "241131", "population": 98347, "tourismBoost": true },
    { "name": "Bermuda", "asciiname": "bermuda", "countryCode": "BM", "geonamesId": "3573345", "population": 63779, "tourismBoost": true },
    { "name": "Aruba", "asciiname": "aruba", "countryCode": "AW", "geonamesId": "3577279", "population": 71566, "tourismBoost": true },
    { "name": "Punta Cana", "asciiname": "punta cana", "countryCode": "DO", "geonamesId": "3493175", "population": 43000, "tourismBoost": true },
    { "name": "Montego Bay", "asciiname": "montego bay", "countryCode": "JM", "geonamesId": "3489460", "population": 82867, "tourismBoost": true },
    { "name": "Nassau", "asciiname": "nassau", "countryCode": "BS", "geonamesId": "3571824", "population": 274400, "tourismBoost": true },
    { "name": "Reykjavik", "asciiname": "reykjavik", "countryCode": "IS", "geonamesId": "3413829", "population": 118918, "tourismBoost": true },
    { "name": "Ibiza", "asciiname": "ibiza", "countryCode": "ES", "geonamesId": "2516479", "population": 48684, "tourismBoost": true },
    { "name": "Palma de Mallorca", "asciiname": "palma de mallorca", "countryCode": "ES", "geonamesId": "2512989", "population": 401270, "tourismBoost": true },
    { "name": "Tenerife", "asciiname": "tenerife", "countryCode": "ES", "geonamesId": "2511174", "population": 899833, "tourismBoost": true },
    { "name": "Algarve", "asciiname": "algarve", "countryCode": "PT", "geonamesId": "2271094", "population": 451006, "tourismBoost": true },
    { "name": "Provence", "asciiname": "provence", "countryCode": "FR", "geonamesId": "2985243", "population": 4900000, "tourismBoost": true },
    { "name": "Goa", "asciiname": "goa", "countryCode": "IN", "geonamesId": "1271157", "population": 1458545, "tourismBoost": true },
    { "name": "Boracay", "asciiname": "boracay", "countryCode": "PH", "geonamesId": "1723862", "population": 32267, "tourismBoost": true },
    { "name": "Palawan", "asciiname": "palawan", "countryCode": "PH", "geonamesId": "1694008", "population": 849469, "tourismBoost": true },
    { "name": "Langkawi", "asciiname": "langkawi", "countryCode": "MY", "geonamesId": "1733048", "population": 64792, "tourismBoost": true },
    { "name": "Penang", "asciiname": "penang", "countryCode": "MY", "geonamesId": "1735106", "population": 708127, "tourismBoost": true },
    { "name": "Da Nang", "asciiname": "da nang", "countryCode": "VN", "geonamesId": "1583992", "population": 752493, "tourismBoost": true },
    { "name": "Hoi An", "asciiname": "hoi an", "countryCode": "VN", "geonamesId": "1580541", "population": 120000, "tourismBoost": true },
    { "name": "Nha Trang", "asciiname": "nha trang", "countryCode": "VN", "geonamesId": "1572151", "population": 283441, "tourismBoost": true },
    { "name": "Cusco", "asciiname": "cusco", "countryCode": "PE", "geonamesId": "3941584", "population": 358052, "tourismBoost": true },
    { "name": "Cartagena", "asciiname": "cartagena", "countryCode": "CO", "geonamesId": "3687238", "population": 952024, "tourismBoost": true },
    { "name": "Havana", "asciiname": "havana", "countryCode": "CU", "geonamesId": "3553478", "population": 2163824, "tourismBoost": true },
    { "name": "Petra", "asciiname": "petra", "countryCode": "JO", "geonamesId": "250774", "population": 6000, "tourismBoost": true },
    { "name": "Luxor", "asciiname": "luxor", "countryCode": "EG", "geonamesId": "360502", "population": 422407, "tourismBoost": true },
    { "name": "Sharm el Sheikh", "asciiname": "sharm el sheikh", "countryCode": "EG", "geonamesId": "349401", "population": 35000, "tourismBoost": true },
    { "name": "Victoria Falls", "asciiname": "victoria falls", "countryCode": "ZW", "geonamesId": "878281", "population": 33060, "tourismBoost": true },
    { "name": "Cape Town", "asciiname": "cape town", "countryCode": "ZA", "geonamesId": "3369157", "population": 3433441, "tourismBoost": true },
    { "name": "Aspen", "asciiname": "aspen", "countryCode": "US", "geonamesId": "5412230", "population": 7004, "tourismBoost": true },
    { "name": "Honolulu", "asciiname": "honolulu", "countryCode": "US", "geonamesId": "5856195", "population": 337256, "tourismBoost": true },
    { "name": "Maui", "asciiname": "maui", "countryCode": "US", "geonamesId": "5849996", "population": 144444, "tourismBoost": true },
    { "name": "Key West", "asciiname": "key west", "countryCode": "US", "geonamesId": "4160023", "population": 24649, "tourismBoost": true },
    { "name": "Napa", "asciiname": "napa", "countryCode": "US", "geonamesId": "5373900", "population": 76915, "tourismBoost": true },
    { "name": "Savannah", "asciiname": "savannah", "countryCode": "US", "geonamesId": "4221552", "population": 147780, "tourismBoost": true },
    { "name": "Charleston", "asciiname": "charleston", "countryCode": "US", "geonamesId": "4574324", "population": 150227, "tourismBoost": true },
    { "name": "Sedona", "asciiname": "sedona", "countryCode": "US", "geonamesId": "5313457", "population": 10031, "tourismBoost": true },
    { "name": "Jeju", "asciiname": "jeju", "countryCode": "KR", "geonamesId": "1846266", "population": 408364, "tourismBoost": true },
    { "name": "Okinawa", "asciiname": "okinawa", "countryCode": "JP", "geonamesId": "1854345", "population": 1392818, "tourismBoost": true },
    { "name": "Kyoto", "asciiname": "kyoto", "countryCode": "JP", "geonamesId": "1857910", "population": 1459640, "tourismBoost": true },
    { "name": "Sapporo", "asciiname": "sapporo", "countryCode": "JP", "geonamesId": "2128295", "population": 1883027, "tourismBoost": true },
    { "name": "Macau", "asciiname": "macau", "countryCode": "MO", "geonamesId": "1821274", "population": 649335, "tourismBoost": true },
    { "name": "St Tropez", "asciiname": "st tropez", "countryCode": "FR", "geonamesId": "2978640", "population": 4532, "tourismBoost": true },
    { "name": "Cannes", "asciiname": "cannes", "countryCode": "FR", "geonamesId": "3028808", "population": 73603, "tourismBoost": true },
    { "name": "Nice", "asciiname": "nice", "countryCode": "FR", "geonamesId": "2990440", "population": 338620, "tourismBoost": true },
    { "name": "Monaco", "asciiname": "monaco", "countryCode": "MC", "geonamesId": "2993458", "population": 32965, "tourismBoost": true },
    { "name": "Montenegro", "asciiname": "montenegro", "countryCode": "ME", "geonamesId": "3194884", "population": 621718, "tourismBoost": true },
    { "name": "Antalya", "asciiname": "antalya", "countryCode": "TR", "geonamesId": "323776", "population": 758188, "tourismBoost": true },
    { "name": "Bodrum", "asciiname": "bodrum", "countryCode": "TR", "geonamesId": "320995", "population": 36317, "tourismBoost": true },
    { "name": "Cappadocia", "asciiname": "cappadocia", "countryCode": "TR", "geonamesId": "6940628", "population": 5000, "tourismBoost": true }
  ]
}
